Workbook

Sheet SinhVien
A1: MSSV | B1: Hoten | D1: Lop
A2: 1111434 | B2: Lê Huỳnh Như | D2: DI11Y9A2
A3: 1111450 | B3: Sơn Sony | D3: DI11Y9A1
A4: A1200014 | B4: Võ Đông Triều | D4: CP1296C1
A5: A1200028 | B5: Lê Phong Cảnh | D5: CP1296C1
A6: A1200137 | B6: Trần Tấn Quốc | D6: CP1296C1
A7: B1204052 | B7: Nguyễn Thanh Phong | D7: DI1296A2
A8: B1204121 | B8: Nguyễn Thanh Thiện | D8: DI1295A1
A9: B1208601 | B9: Hồ Thị Huế Chi | D9: DI12Z6A2
A10: B1209103 | B10: Nguyễn Hoài Nam | D10: TC12Z5A1
A11: B1209107 | B11: Cao Tuấn Nguyên | D11: TC12Z5A1
A12: B1209144 | B12: Huỳnh Nhựt Thương | D12: TC12Z5A2
A13: B1302016 | B13: Nguyễn Phước Toàn | D13: XH13W9A1
A14: B1304488 | B14: Hồng Duy Hiệu | D14: DI13Z6A1
A15: B1304494 | B15: Kim Mel | D15: DI13Z6A1

Sheet Diem
A1: MSSV | B1: MaMH | C1: Diem
A2: 1111434 | B2: CT447 | C2: A
A3: 1111450 | B3: CT107 | C3: A
A4: A1200014 | B4: CT178 | C4: C
A5: A1200028 | B5: CT447 | C5: D
A6: A1200137 | B6: CT107 | C6: B
A7: B1204052 | B7: CT178 | C7: A
A8: B1204121 | B8: CT447 | C8: A
A9: B1208601 | B9: CT107 | C9: C
A10: B1209103 | B10: CT178 | C10: D
A11: B1209107 | B11: CT447 | C11: B
A12: B1209144 | B12: CT107 | C12: A
A13: B1302016 | B13: CT178 | C13: A
A14: B1304488 | B14: CT447 | C14: C
A15: B1304494 | B15: CT107 | C15: D
C16: B

Sheet MonHoc
A1: MaMH | B1: TenMH | C1: TinChi
A2: CT447 | B2: Quan Tri He Thong | C2: 3
A3: CT107 | B3: He Dieu Hanh | C3: 3
A4: CT178 | B4: Nen tang CNTT | C4: 3

Sheet Caua
A1: MSSV | B1: Hoten | D1: Lop
A2: 1111434 | B2: Lê Huỳnh | C2: Như | D2: DI11Y9A2
A3: 1111450 | B3: Sơn | C3: Sony | D3: DI11Y9A1
A4: A1200014 | B4: Võ Đông | C4: Triều | D4: CP1296C1
A5: A1200028 | B5: Lê Phong | C5: Cảnh | D5: CP1296C1
A6: A1200137 | B6: Trần Tấn | C6: Quốc | D6: CP1296C1
A7: B1204052 | B7: Nguyễn Thanh | D7: DI1296A2
A8: B1204121 | B8: Nguyễn Thanh | C8: Thiện | D8: DI1295A1
A9: B1208601 | B9: Hồ Thị Huế | C9: Chi | D9: DI12Z6A2
A10: B1209103 | B10: Nguyễn Hoài | C10: Nam | D10: TC12Z5A1
A11: B1209107 | B11: Cao Tuấn | C11: Nguyên | D11: TC12Z5A1
A12: B1209144 | B12: Huỳnh Nhựt | C12: Thương | D12: TC12Z5A2
A13: B1302016 | B13: Nguyễn Phước | C13: Toàn | D13: XH13W9A1
A14: B1304488 | B14: Hồng Duy | C14: Hiệu | D14: DI13Z6A1
A15: B1304494 | B15: Kim | C15: Mel | D15: DI13Z6A1

Sheet Caub
A1: MSSV | B1: MaMH | C1: Diem | D1: =VLOOKUP(A2,SinhVien!A:C,2,FALSE) -> Lê Huỳnh Như
A2: 1111434 | B2: CT447 | C2: A
A3: 1111450 | B3: CT107 | C3: A
A4: A1200014 | B4: CT178 | C4: C | D4: =VLOOKUP(A5,SinhVien!A:C,2,FALSE) -> Lê Phong Cảnh
A5: A1200028 | B5: CT447 | C5: D
A6: A1200137 | B6: CT107 | C6: B
A7: B1204052 | B7: CT178 | C7: A | D7: =VLOOKUP(A8,SinhVien!A:C,2,FALSE) -> Nguyễn Thanh Thiện
A8: B1204121 | B8: CT447 | C8: A
A9: B1208601 | B9: CT107 | C9: C
A10: B1209103 | B10: CT178 | C10: D | D10: =VLOOKUP(A11,SinhVien!A:C,2,FALSE) -> Cao Tuấn Nguyên
A11: B1209107 | B11: CT447 | C11: B
A12: B1209144 | B12: CT107 | C12: A
A13: B1302016 | B13: CT178 | C13: A | D13: =VLOOKUP(A14,SinhVien!A:C,2,FALSE) -> Hồng Duy Hiệu
A14: B1304488 | B14: CT447 | C14: C
A15: B1304494 | B15: CT107 | C15: D
C16: B

Sheet Cauc
A1: MSSV | B1: MaMH | C1: Diem | D1: Hoten | E1: Lop
A2: 1111434 | B2: CT447 | C2: A
A3: 1111450 | B3: CT107 | C3: A
A4: A1200014 | B4: CT178 | C4: C | D4: =VLOOKUP(A2,SinhVien!A:C,2,FALSE) -> Lê Huỳnh Như | E4: =VLOOKUP(A4,SinhVien!A:D,4,FALSE) -> CP1296C1
A5: A1200028 | B5: CT447 | C5: D
A6: A1200137 | B6: CT107 | C6: B
A7: B1204052 | B7: CT178 | C7: A | D7: =VLOOKUP(A5,SinhVien!A:C,2,FALSE) -> Lê Phong Cảnh | E7: =VLOOKUP(A7,SinhVien!A:D,4,FALSE) -> DI1296A2
A8: B1204121 | B8: CT447 | C8: A
A9: B1208601 | B9: CT107 | C9: C
A10: B1209103 | B10: CT178 | C10: D | D10: =VLOOKUP(A8,SinhVien!A:C,2,FALSE) -> Nguyễn Thanh Thiện | E10: =VLOOKUP(A10,SinhVien!A:D,4,FALSE) -> TC12Z5A1
A11: B1209107 | B11: CT447 | C11: B
A12: B1209144 | B12: CT107 | C12: A
A13: B1302016 | B13: CT178 | C13: A | D13: =VLOOKUP(A11,SinhVien!A:C,2,FALSE) -> Cao Tuấn Nguyên | E13: =VLOOKUP(A13,SinhVien!A:D,4,FALSE) -> XH13W9A1
A14: B1304488 | B14: CT447 | C14: C
A15: B1304494 | B15: CT107 | C15: D
C16: B

Sheet Caud
A1: MSSV | B1: MaMH | C1: Diem | D1: Lop
A2: 1111434 | B2: CT447 | C2: A | D2: =VLOOKUP(A2,SinhVien!A:D,4,FALSE) -> DI11Y9A2
A3: 1111450 | B3: CT107 | C3: A | D3: =VLOOKUP(A3,SinhVien!A:D,4,FALSE) -> DI11Y9A1
A4: A1200014 | B4: CT178 | C4: C | D4: =VLOOKUP(A4,SinhVien!A:D,4,FALSE) -> CP1296C1
A5: A1200028 | B5: CT447 | C5: D | D5: =VLOOKUP(A5,SinhVien!A:D,4,FALSE) -> CP1296C1
A6: A1200137 | B6: CT107 | C6: B | D6: =VLOOKUP(A6,SinhVien!A:D,4,FALSE) -> CP1296C1
A7: B1204052 | B7: CT178 | C7: A | D7: =VLOOKUP(A7,SinhVien!A:D,4,FALSE) -> DI1296A2
A8: B1204121 | B8: CT447 | C8: A | D8: =VLOOKUP(A8,SinhVien!A:D,4,FALSE) -> DI1295A1
A9: B1208601 | B9: CT107 | C9: C | D9: =VLOOKUP(A9,SinhVien!A:D,4,FALSE) -> DI12Z6A2
A10: B1209103 | B10: CT178 | C10: D | D10: =VLOOKUP(A10,SinhVien!A:D,4,FALSE) -> TC12Z5A1
A11: B1209107 | B11: CT447 | C11: B | D11: =VLOOKUP(A11,SinhVien!A:D,4,FALSE) -> TC12Z5A1
A12: B1209144 | B12: CT107 | C12: A | D12: =VLOOKUP(A12,SinhVien!A:D,4,FALSE) -> TC12Z5A2
A13: B1302016 | B13: CT178 | C13: A | D13: =VLOOKUP(A13,SinhVien!A:D,4,FALSE) -> XH13W9A1
A14: B1304488 | B14: CT447 | C14: C | D14: =VLOOKUP(A14,SinhVien!A:D,4,FALSE) -> DI13Z6A1
A15: B1304494 | B15: CT107 | C15: D | D15: =VLOOKUP(A15,SinhVien!A:D,4,FALSE) -> DI13Z6A1
C16: B
